Designator,Quantity,Value,Footprint,Manufacturer,MPN,LCSC Part #,Assembly,Source URL,Notes
U1,1,BQ25570,QFN-20-1EP_3.5x3.5mm_P0.5mm_EP2x2mm,Texas Instruments,BQ25570RGRR,C506250,JLCPCB SMT,https://www.lcsc.com/product-detail/C506250.html,Extended; no Basic or Preferred energy-harvesting charger exists at JLCPCB.
U2,1,ESP32-C3-WROOM-02-N4,ESP32-C3-WROOM-02_0.3mm_thermal_vias,Espressif,ESP32-C3-WROOM-02-N4,C2934560,JLCPCB SMT,https://www.lcsc.com/product-detail/C2934560.html,Extended; JLCPCB lists no Basic or Preferred ESP32 module or chip.
U3,1,TLC555CDR,SOIC-8_3.9x4.9mm_P1.27mm,Texas Instruments,TLC555CDR,C6986,JLCPCB SMT,https://www.lcsc.com/product-detail/C6986.html,"Extended. The only Preferred 555 is the bipolar NE555DR, which needs 4.5V and draws mA - unusable on this 3.3V microwatt budget."
U4,1,TPS62842DGRR,HVSSOP-8-1EP_3x3mm_P0.65mm_EP1.57x1.89mm,Texas Instruments,TPS62842DGRR,C2873354,JLCPCB SMT,https://www.lcsc.com/product-detail/C2873354.html,Extended; no Basic or Preferred nanoamp-quiescent buck at JLCPCB.
Q1,1,AO3401A,SOT-23,Alpha & Omega Semiconductor,AO3401A,C15127,JLCPCB SMT,https://www.lcsc.com/product-detail/C15127.html,
L1,1,22uH / Isat >= 0.4A,L_Changjiang_FNR4018S,Changjiang Microelectronics,FNR4030S220MT,C167883,JLCPCB SMT,https://www.lcsc.com/product-detail/C167883.html,"22uH shielded power inductor, 292mOhm, Isat 1.2A, 4x4x3.0mm. Replaces Coilcraft LPS4018-223MRC: 0.53->0.025 USD and lower DCR (was 360mOhm), which matters on the boost side of a microwatt harvester. Still Extended - JLCPCB has no Basic or Preferred power inductor."
L2,1,2.2uH / Isat >= 1.5A,L_Changjiang_FNR4018S,Changjiang Microelectronics,FNR4018S2R2MT,C167804,JLCPCB SMT,https://www.lcsc.com/product-detail/C167804.html,"2.2uH shielded power inductor, 59mOhm, Isat 2.6A, 4x4x1.8mm. Replaces Coilcraft LPS4018-222MRC: 0.98->0.023 USD and lower DCR (was 70mOhm). Shares the FNR40xx land pattern with L1."
"SW1,SW2",2,TS-1088-AR02016,SW_SPST_TS-1088-xR020,XUNPU,TS-1088-AR02016,C720477,JLCPCB SMT,https://www.lcsc.com/product-detail/C720477.html,
"C1,C2",2,4.7uF 25V X5R,C_0805_2012Metric,Samsung Electro-Mechanics,CL21A475KAQNNNE,C1779,JLCPCB SMT,https://www.lcsc.com/product-detail/C1779.html,
"C6,C7,C12",3,10uF 25V X5R,C_0805_2012Metric,Samsung Electro-Mechanics,CL21A106KAYNNNE,C15850,JLCPCB SMT,https://www.lcsc.com/product-detail/C15850.html,
"C3,C5,C8,C9,C10",5,100nF 50V X7R,C_0805_2012Metric,Yageo,CC0805KRX7R9BB104,C49678,JLCPCB SMT,https://www.lcsc.com/product-detail/C49678.html,"Basic: same 0805, 100nF, 50V, X7R, 10% ratings."
C4,1,10nF C0G 5%,C_0805_2012Metric,Murata Electronics,GRM2195C1H103JA01D,C97905,JLCPCB SMT,https://www.lcsc.com/product-detail/C97905.html,10nF 50V C0G 5% 0805. Extended: JLCPCB stocks no Basic or Preferred-extended C0G/NP0 10nF in any package (checked 2026-09-05). Replaces zero-stock C1845387. Do not substitute X7R - this is the MPPT sample-and-hold node.
C11,1,10nF 50V X7R,C_0805_2012Metric,Samsung Electro-Mechanics,CL21B103KBANNNC,C1710,JLCPCB SMT,https://www.lcsc.com/product-detail/C1710.html,
C13,1,100nF 10V,C_0603_1608Metric,Yageo,CC0603KRX7R9BB104,C14663,JLCPCB SMT,https://www.lcsc.com/product-detail/C14663.html,"100nF 50V X7R, exceeds 10V minimum."
"R1,R2,R3,R4,R17,R18,R20,R21,R22,R23,R24",11,2M 1%,R_0603_1608Metric,UNI-ROYAL,0603WAF2004T5E,C22976,JLCPCB SMT,https://www.lcsc.com/product-detail/C22976.html,R24 now 2M; telemetry conversion is 21 times ADC voltage.
R5,1,1.5M 1%,R_0603_1608Metric,UNI-ROYAL,0603WAF1504T5E,C4172,JLCPCB SMT,https://www.lcsc.com/product-detail/C4172.html,1.5M 1%. Preferred-extended tier: no per-part loading fee. In stock 2026-09-05.
R19,1,3M 1%,R_0603_1608Metric,UNI-ROYAL,0603WAF3004T5E,C23156,JLCPCB SMT,https://www.lcsc.com/product-detail/C23156.html,3M 1%. Preferred-extended tier: no per-part loading fee. In stock 2026-09-05.
R25,1,100k 1%,R_0603_1608Metric,UNI-ROYAL,0603WAF1003T5E,C25803,JLCPCB SMT,https://www.lcsc.com/product-detail/C25803.html,
"R8,R9,R12,R14,R15",5,10k,R_0805_2012Metric,UNI-ROYAL,0805W8F1002T5E,C17414,JLCPCB SMT,https://www.lcsc.com/product-detail/C17414.html,
R10,1,1k,R_0805_2012Metric,UNI-ROYAL,0805W8F1001T5E,C17513,JLCPCB SMT,https://www.lcsc.com/product-detail/C17513.html,
R11,1,100k,R_0805_2012Metric,UNI-ROYAL,0805W8F1003T5E,C149504,JLCPCB SMT,https://www.lcsc.com/product-detail/C149504.html,
R13,1,47k,R_0805_2012Metric,UNI-ROYAL,0805W8F4702T5E,C17713,JLCPCB SMT,https://www.lcsc.com/product-detail/C17713.html,
R16,1,52.3k 1%,R_0805_2012Metric,UNI-ROYAL,0805W8F5232T5E,C17740,JLCPCB SMT,https://www.lcsc.com/product-detail/C17740.html,"52.3k 1%. Extended and unavoidable: TPS62842 decodes 3.3V only from RSET 50.21k-54.39k and JLCPCB has no Basic or Preferred 52.3k. The nearest Basic value (51k, C17737) leaves under 0.6% margin to the window edge before tempco."
"J1,J3",2,Conn_01x02,JST_PH_B2B-PH-K_1x02_P2.00mm_Vertical,JST,B2B-PH-K-S(LF)(SN),C131337,Hand solder,https://www.lcsc.com/product-detail/C131337.html,Retain original manual-assembly policy; J3 optional. Mate with PHR-2 housing and SPH-002T-P0.5S contacts. JST specifies PCB thickness 0.8-1.6mm.
J2,1,Conn_01x04,PinHeader_1x04_P2.54mm_Vertical,Ckmtw,B-2100S04P-A110,C124378,Hand solder,https://www.lcsc.com/product-detail/C124378.html,"Straight 1x4 male header, 2.54mm pitch, 3mm solder tails; programming header optional."
RV1,1,100k trim,Potentiometer_Bourns_3296W_Vertical,Bourns,3296W-1-104LF,C48084,Hand solder,https://www.lcsc.com/product-detail/C48084.html,
SC1,1,3F 5.4V PHV-5R4V305-R,CP_Eaton_PHV_3F_Vertical_P11.8mm,Eaton,PHV-5R4V305-R,,Hand solder - external purchase,https://www.eaton.com/us/en-us/skuPage.PHV-5R4V305-R.html,User-approved LCSC exception. Mouser 504-PHV-5R4V305-R. Essential: 3F 5.4V low-ESR vertical pack; do not replace with a high-ESR memory-backup capacitor.
SOL1 (external),1,123mW solar module,29x23mm rear solder pads,ANYSOLAR,SM141K04L,C22012449,Hand solder - external carrier,https://item.szlcsc.com/23442921.html,Not on main-board CPL. Hand solder <=5 seconds below 400C; no high-temperature reflow.
